{"data_time": 0.006853459000012663, "eta_seconds": 0.0, "fast_rcnn/cls_accuracy": 0.884765625, "fast_rcnn/false_negative": 1.0, "fast_rcnn/fg_cls_accuracy": 0.0, "iteration": 9, "loss_box_reg": 0.41240373253822327, "loss_cls": 0.9817554652690887, "loss_rpn_cls": 0.012859835289418697, "loss_rpn_loc": 0.005813386291265488, "lr": 0.00225025, "roi_head/num_bg_samples": 113.75, "roi_head/num_fg_samples": 14.25, "rpn/num_neg_anchors": 252.75, "rpn/num_pos_anchors": 3.25, "time": 0.4053210135000427, "total_loss": 1.388012739480473}
{"data_time": 0.006260355000051732, "eta_seconds": 105.10683204000088, "fast_rcnn/cls_accuracy": 0.87109375, "fast_rcnn/false_negative": 1.0, "fast_rcnn/fg_cls_accuracy": 0.0, "iteration": 19, "loss_box_reg": 0.5111095905303955, "loss_cls": 0.4945415258407593, "loss_rpn_cls": 0.009154537692666054, "loss_rpn_loc": 0.00529136648401618, "lr": 0.00016067500000000002, "roi_head/num_bg_samples": 111.5, "roi_head/num_fg_samples": 16.5, "rpn/num_neg_anchors": 253.25, "rpn/num_pos_anchors": 2.75, "time": 0.37538154300000315, "total_loss": 1.0524729079334065}
{"data_time": 0.012766108000050735, "eta_seconds": 99.94337144998894, "fast_rcnn/cls_accuracy": 0.857421875, "fast_rcnn/false_negative": 1.0, "fast_rcnn/fg_cls_accuracy": 0.0, "iteration": 39, "loss_box_reg": 0.5465887784957886, "loss_cls": 0.39847613871097565, "loss_rpn_cls": 0.014224953018128872, "loss_rpn_loc": 0.004356977995485067, "lr": 0.000327175, "roi_head/num_bg_samples": 109.75, "roi_head/num_fg_samples": 18.25, "rpn/num_neg_anchors": 253.0, "rpn/num_pos_anchors": 3.0, "time": 0.3851537050000502, "total_loss": 0.9543703333329177}
{"data_time": 0.006593965500030663, "eta_seconds": 92.43688920001205, "fast_rcnn/cls_accuracy": 0.869140625, "fast_rcnn/false_negative": 1.0, "fast_rcnn/fg_cls_accuracy": 0.0, "iteration": 59, "loss_box_reg": 0.5030577480792999, "loss_cls": 0.35564908385276794, "loss_rpn_cls": 0.0034761482384055853, "loss_rpn_loc": 0.004789638798683882, "lr": 0.000493675, "roi_head/num_bg_samples": 111.25, "roi_head/num_fg_samples": 16.75, "rpn/num_neg_anchors": 252.0, "rpn/num_pos_anchors": 4.0, "time": 0.38821177800002715, "total_loss": 0.848267373337876}
{"data_time": 0.009858551499974055, "eta_seconds": 85.17225243999405, "fast_rcnn/cls_accuracy": 0.87109375, "fast_rcnn/false_negative": 1.0, "fast_rcnn/fg_cls_accuracy": 0.0, "iteration": 79, "loss_box_reg": 0.5019336640834808, "loss_cls": 0.3241519033908844, "loss_rpn_cls": 0.004387117805890739, "loss_rpn_loc": 0.003254046314395964, "lr": 0.0006601749999999999, "roi_head/num_bg_samples": 111.25, "roi_head/num_fg_samples": 16.75, "rpn/num_neg_anchors": 253.0, "rpn/num_pos_anchors": 3.0, "time": 0.39028747750001, "total_loss": 0.8456392246298492}
{"data_time": 0.007282545000009577, "eta_seconds": 77.4692363999975, "fast_rcnn/cls_accuracy": 0.861328125, "fast_rcnn/false_negative": 0.7213203463203464, "fast_rcnn/fg_cls_accuracy": 0.02844551282051282, "iteration": 99, "loss_box_reg": 0.5300682783126831, "loss_cls": 0.3364350199699402, "loss_rpn_cls": 0.0007913988374639302, "loss_rpn_loc": 0.003310237545520067, "lr": 0.000826675, "roi_head/num_bg_samples": 109.0, "roi_head/num_fg_samples": 19.0, "rpn/num_neg_anchors": 252.5, "rpn/num_pos_anchors": 3.5, "time": 0.3897412640000084, "total_loss": 0.8786734790191986}
{"data_time": 0.009056278499997461, "eta_seconds": 69.96144023999364, "fast_rcnn/cls_accuracy": 0.853515625, "fast_rcnn/false_negative": 0.45098039215686275, "fast_rcnn/fg_cls_accuracy": 0.15308747855917665, "iteration": 119, "loss_box_reg": 0.6410960257053375, "loss_cls": 0.38262422382831573, "loss_rpn_cls": 0.0007320452714338899, "loss_rpn_loc": 0.003712656442075968, "lr": 0.000993175, "roi_head/num_bg_samples": 105.0, "roi_head/num_fg_samples": 23.0, "rpn/num_neg_anchors": 252.25, "rpn/num_pos_anchors": 3.75, "time": 0.3987062125000307, "total_loss": 1.0508032110810746}
{"data_time": 0.007241358499982198, "eta_seconds": 62.2106223999981, "fast_rcnn/cls_accuracy": 0.837890625, "fast_rcnn/false_negative": 0.12096774193548387, "fast_rcnn/fg_cls_accuracy": 0.33813364055299544, "iteration": 139, "loss_box_reg": 0.6117180585861206, "loss_cls": 0.417573481798172, "loss_rpn_cls": 0.00014153862139210105, "loss_rpn_loc": 0.004890089388936758, "lr": 0.001159675, "roi_head/num_bg_samples": 97.5, "roi_head/num_fg_samples": 30.5, "rpn/num_neg_anchors": 252.75, "rpn/num_pos_anchors": 3.25, "time": 0.3969710874999919, "total_loss": 1.0364749917353038}
{"data_time": 0.01284303750003346, "eta_seconds": 54.683930000001055, "fast_rcnn/cls_accuracy": 0.876953125, "fast_rcnn/false_negative": 0.11223776223776225, "fast_rcnn/fg_cls_accuracy": 0.4956140350877193, "iteration": 159, "loss_box_reg": 0.40643297135829926, "loss_cls": 0.3028356283903122, "loss_rpn_cls": 0.0003674403124023229, "loss_rpn_loc": 0.003636210924014449, "lr": 0.001326175, "roi_head/num_bg_samples": 100.25, "roi_head/num_fg_samples": 27.75, "rpn/num_neg_anchors": 252.5, "rpn/num_pos_anchors": 3.5, "time": 0.4089315614999691, "total_loss": 0.7128765520174056}
{"data_time": 0.013449967500037019, "eta_seconds": 46.94693729999699, "fast_rcnn/cls_accuracy": 0.91796875, "fast_rcnn/false_negative": 0.038838612368024134, "fast_rcnn/fg_cls_accuracy": 0.5746753246753247, "iteration": 179, "loss_box_reg": 0.3983845114707947, "loss_cls": 0.27096179127693176, "loss_rpn_cls": 0.0005379514623200521, "loss_rpn_loc": 0.003054556786082685, "lr": 0.001492675, "roi_head/num_bg_samples": 101.75, "roi_head/num_fg_samples": 26.25, "rpn/num_neg_anchors": 252.5, "rpn/num_pos_anchors": 3.5, "time": 0.41153321200005166, "total_loss": 0.6629253209393937}
{"data_time": 0.007748655000000326, "eta_seconds": 39.222401050000144, "fast_rcnn/cls_accuracy": 0.962890625, "fast_rcnn/false_negative": 0.04502688172043011, "fast_rcnn/fg_cls_accuracy": 0.9125076080340839, "iteration": 199, "loss_box_reg": 0.369295671582222, "loss_cls": 0.1550847887992859, "loss_rpn_cls": 0.0004301911685615778, "loss_rpn_loc": 0.0031983214430510998, "lr": 0.001659175, "roi_head/num_bg_samples": 101.0, "roi_head/num_fg_samples": 27.0, "rpn/num_neg_anchors": 252.25, "rpn/num_pos_anchors": 3.75, "time": 0.39582284050004546, "total_loss": 0.522512573741551}
{"data_time": 0.006680064499960281, "eta_seconds": 31.43416532000174, "fast_rcnn/cls_accuracy": 0.94140625, "fast_rcnn/false_negative": 0.0484375, "fast_rcnn/fg_cls_accuracy": 0.8082735655737705, "iteration": 219, "loss_box_reg": 0.4233039617538452, "loss_cls": 0.18433430790901184, "loss_rpn_cls": 0.00011704698044923134, "loss_rpn_loc": 0.0022922055795788765, "lr": 0.001825675, "roi_head/num_bg_samples": 98.5, "roi_head/num_fg_samples": 29.5, "rpn/num_neg_anchors": 253.0, "rpn/num_pos_anchors": 3.0, "time": 0.39649874100001625, "total_loss": 0.6031323824690844}
{"data_time": 0.007279992999997376, "eta_seconds": 23.697769259998722, "fast_rcnn/cls_accuracy": 0.97265625, "fast_rcnn/false_negative": 0.060798548094373864, "fast_rcnn/fg_cls_accuracy": 0.9259259259259259, "iteration": 239, "loss_box_reg": 0.41626279056072235, "loss_cls": 0.11892297118902206, "loss_rpn_cls": 7.278650446096435e-05, "loss_rpn_loc": 0.0037277521332725883, "lr": 0.001992175, "roi_head/num_bg_samples": 101.0, "roi_head/num_fg_samples": 27.0, "rpn/num_neg_anchors": 252.75, "rpn/num_pos_anchors": 3.25, "time": 0.4270778310000196, "total_loss": 0.5444774655406945}
{"data_time": 0.0063630910000256335, "eta_seconds": 15.726852660000077, "fast_rcnn/cls_accuracy": 0.974609375, "fast_rcnn/false_negative": 0.04714912280701754, "fast_rcnn/fg_cls_accuracy": 0.9513888888888888, "iteration": 259, "loss_box_reg": 0.34907713532447815, "loss_cls": 0.12036191672086716, "loss_rpn_cls": 0.0002846506467903964, "loss_rpn_loc": 0.0021214273292571306, "lr": 0.002158675, "roi_head/num_bg_samples": 100.0, "roi_head/num_fg_samples": 28.0, "rpn/num_neg_anchors": 253.0, "rpn/num_pos_anchors": 3.0, "time": 0.38933466149995866, "total_loss": 0.4762737393612042}
{"data_time": 0.0062376285000027565,